{
  "train_loss": [
    0.8140003455651773,
    0.5372497262181463,
    0.4653827326523291,
    0.41123860953627406,
    0.3767384622950812,
    0.34939629785917903,
    0.31410749820438594,
    0.30232400165216344,
    0.38227902252126383,
    0.35907758812646606,
    0.3478753937257303,
    0.3202410259762326,
    0.3167972957363,
    0.28786303707071254,
    0.28288150780104304,
    0.27356089409944173,
    0.32165278454084656,
    0.32304177292295405,
    0.3147225881347785,
    0.2859990790083602,
    0.2846036944034937,
    0.2667075721798716,
    0.2609866295714636,
    0.2620177474376318,
    0.2830743000314042,
    0.29678953922278173,
    0.28110992968887893,
    0.30211099881578135,
    0.26357983254097606,
    0.2589827910871119,
    0.250818459971531,
    0.24173476728233131,
    0.2671790654594834,
    0.2738216736832181,
    0.2644648149206832,
    0.2645949805910523,
    0.2516812581468273,
    0.24671837445851919,
    0.23124531173222773,
    0.22980740102561745
  ],
  "train_dice": [
    0.6674692518002278,
    0.7763492698604996,
    0.7940198392481417,
    0.8153211031411145,
    0.8287272864096874,
    0.8428761371084161,
    0.8588679763110908,
    0.864872862358351,
    0.8281331618089933,
    0.8382579168757877,
    0.8415466152332924,
    0.8556250245184511,
    0.8538957874517183,
    0.869788828733805,
    0.8718561876464535,
    0.876183112730851,
    0.8531751012479937,
    0.8538905116351875,
    0.8557767851932628,
    0.8702246812549798,
    0.8708054326676034,
    0.8791124877092,
    0.8810094747994397,
    0.8801738015703253,
    0.8707521960542008,
    0.8660247849451529,
    0.8720159796444146,
    0.8606842079678098,
    0.8808112305563849,
    0.8811625411381593,
    0.8853633693746619,
    0.889057028132516,
    0.8791532162073497,
    0.8756539032265946,
    0.8804276803055325,
    0.8798154165615907,
    0.8840659019109365,
    0.8874974129973231,
    0.8949983885159364,
    0.8951964185044572
  ],
  "train_iou": [
    0.5120502180747084,
    0.6379008317315901,
    0.6618089659793956,
    0.6914417155691095,
    0.7106325074627593,
    0.7311519569641834,
    0.7547502686848512,
    0.7655268106106166,
    0.7104803468729999,
    0.725377754585163,
    0.7294984218236562,
    0.7503280406062668,
    0.747032917834617,
    0.7714234316671217,
    0.7749066167586559,
    0.7815341731986484,
    0.7459848120405868,
    0.7479119800232552,
    0.7504609726570748,
    0.7723637263517122,
    0.7728829399959461,
    0.7854802205755904,
    0.7892336378226409,
    0.7880645676239116,
    0.7733580913092639,
    0.7660983849216152,
    0.7746199482196087,
    0.7587041548780493,
    0.7884383958739203,
    0.7890066657517407,
    0.7963020439083511,
    0.8022816761119945,
    0.7857913503775725,
    0.7807476633303875,
    0.7886191977036966,
    0.7870032755104271,
    0.7940141284787977,
    0.8000601739496798,
    0.8112256945790471,
    0.8118223829849346
  ],
  "train_hd95": [
    52.30328958783133,
    34.04601869480295,
    29.883351923885595,
    26.478578012809947,
    23.191360205032556,
    20.929823717241877,
    19.138627699002406,
    17.799619062110615,
    22.546730932972846,
    21.824319380533073,
    19.838019458498213,
    19.421205607490023,
    18.671250892166597,
    17.023701669479586,
    16.19991866931109,
    15.528734430122523,
    19.078905235602168,
    18.563156269246228,
    18.776363457171318,
    17.548440180409308,
    16.742826921096537,
    14.90404773353856,
    14.674990322857008,
    14.634887039933288,
    16.937427319681124,
    17.65175041255386,
    15.934162129871341,
    17.629617691494524,
    15.703122985386647,
    14.569006659587066,
    14.313511205208913,
    13.992361968949732,
    15.424860071391869,
    15.949206710022754,
    14.86643160278788,
    15.971823974933706,
    14.338843224193486,
    14.236227660745346,
    13.304628396972488,
    13.229728204258821
  ],
  "val_loss": [
    0.37235609167500544,
    0.2425202578306198,
    0.19565567609510923,
    0.2053038642594689,
    0.1591902104647536,
    0.1470027024808683,
    0.14483503997325897,
    0.13643395665444827,
    0.14959120162223516,
    0.1615145900531819,
    0.15370353232873113,
    0.13732721068357168,
    0.1370296674339395,
    0.133218309989101,
    0.12336126048313945,
    0.12127242119688737,
    0.14931737513918625,
    0.14736617395752355,
    0.13521946103949295,
    0.1343690223599735,
    0.12906467679299807,
    0.12640609749053655,
    0.11843923910668022,
    0.11647390495789678,
    0.13726191379522024,
    0.14215659507011114,
    0.1302865386793488,
    0.1272553950548172,
    0.12698334926053098,
    0.11847552068923649,
    0.11543504344789605,
    0.11377816137514617,
    0.12835497095396645,
    0.1273318297768894,
    0.12028962256092775,
    0.11865301234157462,
    0.11027240831600993,
    0.11246679056631892,
    0.1087959467580444,
    0.10598579833382055
  ],
  "val_dice": [
    0.7961575733987909,
    0.7993287224518625,
    0.8363978015749078,
    0.8078847715729162,
    0.8610173589304874,
    0.8763855068307174,
    0.8797217387902109,
    0.8838138580322266,
    0.8718329354336387,
    0.8778923185248124,
    0.871837129718379,
    0.8811686791871723,
    0.8873660533051742,
    0.887425350515466,
    0.893584320419713,
    0.8954346870121203,
    0.8772077403570476,
    0.8791927883499547,
    0.8829875211966666,
    0.8868088565374675,
    0.8889721318295127,
    0.8929508046100014,
    0.8977201706484744,
    0.8991454055434779,
    0.8825366622523257,
    0.8753471907816435,
    0.8898760958721763,
    0.8908848135094893,
    0.8944770223216006,
    0.8978875373539171,
    0.8988497539570457,
    0.9007509852710524,
    0.8907777165111742,
    0.8917483656029952,
    0.8942641992318002,
    0.8981697904436212,
    0.904280540190245,
    0.9039554282238609,
    0.9053677853785063,
    0.907514396466707
  ],
  "val_iou": [
    0.6647188788966129,
    0.6688154496644673,
    0.7213653169180217,
    0.6828256688619915,
    0.7579627789949116,
    0.7824636101722717,
    0.7873477716194955,
    0.7937886401226646,
    0.774667363417776,
    0.78379246749376,
    0.7749656564310977,
    0.7890525146534568,
    0.799126314489465,
    0.7997099600340191,
    0.8093507415369937,
    0.8124723905011227,
    0.7826993685019644,
    0.7862202148688467,
    0.7917536873566476,
    0.7980721373307077,
    0.8015128938775313,
    0.80864417552948,
    0.8158971165355883,
    0.8182167755930048,
    0.7912470165051912,
    0.7802775188496238,
    0.8031430024849741,
    0.8048690275142067,
    0.8107468078010961,
    0.816446254127904,
    0.8177425233941329,
    0.8208294197132713,
    0.8043976457495439,
    0.8060998916625977,
    0.810009125031923,
    0.8167318293922826,
    0.8262885965799031,
    0.825876163808923,
    0.8281707198996293,
    0.831769187199442
  ],
  "val_hd95": [
    35.42959074614915,
    29.00938091981223,
    24.64430619218617,
    20.01473405785877,
    18.33347764789019,
    16.563179183231863,
    15.182846655376624,
    15.16153862905827,
    17.61825229493994,
    17.158151044131035,
    17.535497021078246,
    15.95112962015527,
    14.84815197159129,
    15.362801367089626,
    13.753881760612487,
    13.26197324671638,
    18.1289351994528,
    16.453068686949432,
    14.970223785193587,
    16.33598572828613,
    13.827696468361903,
    13.57559523557141,
    13.337071089755831,
    12.947839219733105,
    17.59184003813901,
    15.67167196386583,
    13.629968318672914,
    14.941461071622577,
    13.980968476663726,
    12.916417352151734,
    12.990694287874462,
    12.735678017930285,
    15.26114534319886,
    13.722389191997033,
    13.454536347114791,
    13.59525963964955,
    12.170846436954477,
    12.98102807294701,
    12.14586186401797,
    12.150373915690023
  ]
}