{
  "timestamp": "20260411_223457",
  "checkpoint": "40",
  "best_dice": 0.907514396466707,
  "metrics": {
    "dice": 0.8795656845756264,
    "iou": 0.8115649381911834,
    "precision": 0.9204887565045289,
    "recall": 0.8871156773240642,
    "f1": 0.8795652264499425,
    "accuracy": 0.9576178668488908,
    "hd95": 17.64144018841363
  },
  "std": {
    "dice": 0.1665764708261666,
    "iou": 0.18240495397466136,
    "precision": 0.10617859332144303,
    "recall": 0.19004206612270483,
    "f1": 0.16657640020606473,
    "accuracy": 0.0590620489318117,
    "hd95": 42.87835414202795
  }
}