{
  "timestamp": "20260411_222522",
  "checkpoint": "40",
  "best_dice": 0.907514396466707,
  "metrics": {
    "dice": 0.8774428406053688,
    "iou": 0.8088915819214314,
    "precision": 0.9169956038932543,
    "recall": 0.8837199599945195,
    "f1": 0.8774423805457421,
    "accuracy": 0.9536411224811284,
    "hd95": 17.46789582115554
  },
  "std": {
    "dice": 0.16976635314904942,
    "iou": 0.18403696068546935,
    "precision": 0.10474705539056216,
    "recall": 0.19367914029890976,
    "f1": 0.16976628584017897,
    "accuracy": 0.07323056366137588,
    "hd95": 40.13898400247897
  }
}